year;id_ns;date;base_year
1994;1;10/01/1994;1990
1994;2;17/01/1994;1990
1994;3;24/01/1994;1990
1994;4;1/02/1994;1990
1994;5;7/02/1994;1990
1994;6;14/02/1994;1990
1994;7;21/02/1994;1990
1994;8;28/02/1994;1990
1994;9;4/03/1994;1990
1994;10;14/03/1994;1990
1994;11;21/03/1994;1990
1994;12;4/04/1994;1990
1994;13;11/04/1994;1990
1994;14;18/04/1994;1990
1994;15;25/04/1994;1990
1994;16;2/05/1994;1990
1994;17;9/05/1994;1990
1994;18;16/05/1994;1990
1994;19;23/05/1994;1990
1994;20;1/06/1994;1990
1994;21;6/06/1994;1990
1994;22;13/06/1994;1990
1994;23;20/06/1994;1990
1994;24;27/06/1994;1990
1994;25;4/07/1994;1990
1994;26;11/07/1994;1990
1994;27;18/07/1994;1990
1994;28;1/08/1994;1990
1994;29;11/08/1994;1990
1994;30;15/08/1994;1990
1994;31;25/08/1994;1990
1994;32;1/09/1994;1990
1994;33;8/09/1994;1990
1994;34;15/09/1994;1990
1994;35;22/09/1994;1990
1994;36;29/09/1994;1990
1994;37;6/10/1994;1990
1994;38;13/10/1994;1990
1994;39;20/10/1994;1990
1994;40;27/10/1994;1990
1994;41;3/11/1994;1990
1994;42;10/11/1994;1990
1994;43;17/11/1994;1990
1994;44;24/11/1994;1990
1994;45;1/12/1994;1990
1994;46;9/12/1994;1990
1994;47;16/12/1994;1990
1994;48;23/12/1994;1990
1994;49;30/12/1994;1990
1995;1;5/01/1995;1990
1995;2;12/01/1995;1990
1995;3;19/01/1995;1990
1995;4;26/01/1995;1990
1995;5;2/02/1995;1990
1995;6;9/02/1995;1990
1995;7;16/02/1995;1990
1995;8;23/02/1995;1990
1995;9;2/03/1995;1990
1995;10;9/03/1995;1990
1995;11;16/03/1995;1990
1995;12;23/03/1995;1990
1995;13;30/03/1995;1990
1995;14;6/04/1995;1990
1995;15;15/04/1995;1990
1995;16;27/04/1995;1990
1995;17;4/05/1995;1990
1995;18;11/05/1995;1990
1995;19;18/05/1995;1990
1995;20;25/05/1995;1990
1995;21;1/06/1995;1990
1995;22;8/06/1995;1990
1995;23;15/06/1995;1990
1995;24;22/06/1995;1990
1995;25;30/06/1995;1990
1995;26;7/07/1995;1990
1995;27;14/07/1995;1990
1995;28;21/07/1995;1990
1995;29;27/07/1995;1990
1995;30;4/08/1995;1990
1995;31;11/08/1995;1990
1995;32;18/08/1995;1990
1995;33;25/08/1995;1990
1995;34;1/09/1995;1990
1995;35;8/09/1995;1990
1995;36;15/09/1995;1990
1995;37;22/09/1995;1990
1995;38;29/09/1995;1990
1995;39;6/10/1995;1990
1995;40;13/10/1995;1990
1995;41;20/10/1995;1990
1995;42;27/10/1995;1990
1995;43;3/11/1995;1990
1995;44;10/11/1995;1990
1995;45;17/11/1995;1990
1995;46;24/11/1995;1990
1995;47;1/12/1995;1990
1995;48;7/12/1995;1990
1995;49;15/12/1995;1990
1995;50;22/12/1995;1990
1995;51;29/12/1995;1990
1996;1;5/01/1996;1990
1996;2;12/01/1996;1990
1996;3;19/01/1996;1990
1996;4;26/01/1996;1990
1996;5;2/02/1996;1990
1996;6;9/02/1996;1990
1996;7;16/02/1996;1990
1996;8;23/02/1996;1990
1996;9;1/03/1996;1990
1996;10;8/03/1996;1990
1996;11;15/03/1996;1990
1996;12;22/03/1996;1990
1996;13;29/03/1996;1990
1996;14;12/04/1996;1990
1996;15;19/04/1996;1990
1996;16;26/04/1996;1990
1996;17;3/05/1996;1990
1996;18;10/05/1996;1990
1996;19;17/05/1996;1990
1996;20;24/05/1996;1990
1996;21;31/05/1996;1990
1996;22;7/06/1996;1990
1996;23;14/06/1996;1990
1996;24;21/06/1996;1990
1996;25;28/06/1996;1990
1996;26;5/07/1996;1990
1996;27;12/07/1996;1990
1996;28;19/07/1996;1990
1996;29;26/07/1996;1990
1996;30;2/08/1996;1990
1996;31;9/08/1996;1990
1996;32;16/08/1996;1990
1996;33;23/08/1996;1990
1996;34;29/08/1996;1990
1996;35;6/09/1996;1990
1996;36;13/09/1996;1990
1996;37;20/09/1996;1990
1996;38;27/09/1996;1990
1996;39;4/10/1996;1990
1996;40;11/10/1996;1990
1996;41;18/10/1996;1990
1996;42;25/10/1996;1990
1996;43;31/10/1996;1990
1996;44;8/11/1996;1990
1996;45;15/11/1996;1990
1996;46;22/11/1996;1990
1996;47;29/11/1996;1990
1996;48;6/12/1996;1990
1996;49;13/12/1996;1990
1996;50;20/12/1996;1990
1996;51;27/12/1996;1990
1996;52;31/12/1996;1990
1997;1;10/01/1997;1990
1997;2;17/01/1997;1990
1997;3;24/01/1997;1990
1997;4;31/01/1997;1990
1997;5;7/02/1997;1990
1997;6;14/02/1997;1990
1997;7;21/02/1997;1990
1997;8;28/02/1997;1990
1997;9;7/03/1997;1990
1997;10;14/03/1997;1990
1997;11;21/03/1997;1990
1997;12;4/04/1997;1990
1997;13;11/04/1997;1990
1997;14;18/04/1997;1990
1997;15;25/04/1997;1990
1997;16;2/05/1997;1990
1997;17;9/05/1997;1990
1997;18;16/05/1997;1990
1997;19;23/05/1997;1990
1997;20;30/05/1997;1990
1997;21;6/06/1997;1990
1997;22;13/06/1997;1990
1997;23;20/06/1997;1990
1997;24;27/06/1997;1990
1997;25;4/07/1997;1990
1997;26;11/07/1997;1990
1997;27;18/07/1997;1990
1997;28;25/07/1997;1990
1997;29;8/08/1997;1990
1997;30;15/08/1997;1990
1997;31;22/08/1997;1990
1997;32;29/08/1997;1990
1997;33;5/09/1997;1990
1997;34;12/09/1997;1990
1997;35;19/09/1997;1990
1997;36;26/09/1997;1990
1997;37;3/10/1997;1990
1997;38;10/10/1997;1990
1997;39;17/10/1997;1990
1997;40;24/10/1997;1990
1997;41;31/10/1997;1990
1997;42;7/11/1997;1990
1997;43;14/11/1997;1990
1997;44;21/11/1997;1990
1997;45;28/11/1997;1990
1997;46;5/12/1997;1990
1997;47;12/12/1997;1990
1997;48;19/12/1997;1990
1997;49;26/12/1997;1990
1998;1;9/01/1998;1990
1998;2;16/01/1998;1990
1998;3;23/01/1998;1990
1998;4;30/01/1998;1990
1998;5;6/02/1998;1990
1998;6;13/02/1998;1990
1998;7;20/02/1998;1990
1998;8;27/02/1998;1990
1998;9;6/03/1998;1990
1998;10;13/03/1998;1990
1998;11;20/03/1998;1990
1998;12;27/03/1998;1990
1998;13;3/04/1998;1990
1998;14;17/04/1998;1990
1998;15;24/04/1998;1990
1998;16;30/04/1998;1990
1998;17;8/05/1998;1990
1998;18;15/05/1998;1990
1998;19;22/05/1998;1990
1998;20;29/05/1998;1990
1998;21;5/06/1998;1990
1998;22;12/06/1998;1990
1998;23;19/06/1998;1990
1998;24;26/06/1998;1990
1998;25;3/07/1998;1990
1998;26;10/07/1998;1990
1998;27;17/07/1998;1990
1998;28;24/07/1998;1990
1998;29;7/08/1998;1990
1998;30;14/08/1998;1990
1998;31;21/08/1998;1990
1998;32;28/08/1998;1990
1998;33;4/09/1998;1990
1998;34;11/09/1998;1990
1998;35;18/09/1998;1990
1998;36;25/09/1998;1990
1998;37;2/10/1998;1990
1998;38;9/10/1998;1990
1998;39;16/10/1998;1990
1998;40;23/10/1998;1990
1998;41;30/10/1998;1990
1998;42;6/11/1998;1990
1998;43;13/11/1998;1990
1998;44;20/11/1998;1990
1998;45;27/11/1998;1990
1998;46;4/12/1998;1990
1998;47;11/12/1998;1990
1998;48;18/12/1998;1990
1998;49;24/12/1998;1990
1999;1;8/01/1999;1990
1999;2;15/01/1999;1990
1999;3;22/01/1999;1990
1999;4;29/01/1999;1990
1999;5;5/02/1999;1990
1999;6;12/02/1999;1990
1999;7;19/02/1999;1990
1999;8;26/02/1999;1990
1999;9;5/03/1999;1990
1999;10;12/03/1999;1990
1999;11;19/03/1999;1990
1999;12;26/03/1999;1990
1999;13;9/04/1999;1990
1999;14;16/04/1999;1990
1999;15;23/04/1999;1990
1999;16;30/04/1999;1990
1999;17;7/05/1999;1990
1999;18;14/05/1999;1990
1999;19;21/05/1999;1990
1999;20;28/05/1999;1990
1999;21;4/06/1999;1990
1999;22;11/06/1999;1990
1999;23;18/06/1999;1990
1999;24;25/06/1999;1990
1999;25;2/07/1999;1990
1999;26;9/07/1999;1990
1999;27;16/07/1999;1990
1999;28;23/07/1999;1990
1999;29;6/08/1999;1990
1999;30;13/08/1999;1990
1999;31;20/08/1999;1990
1999;32;27/08/1999;1990
1999;33;3/09/1999;1990
1999;34;10/09/1999;1990
1999;35;17/09/1999;1990
1999;36;24/09/1999;1990
1999;37;1/10/1999;1990
1999;38;8/10/1999;1990
1999;39;15/10/1999;1990
1999;40;22/10/1999;1990
1999;41;29/10/1999;1990
1999;42;5/11/1999;1990
1999;43;12/11/1999;1990
1999;44;19/11/1999;1990
1999;45;26/11/1999;1990
1999;46;3/12/1999;1990
1999;47;10/12/1999;1990
1999;48;17/12/1999;1990
1999;49;24/12/1999;1990
1999;50;31/12/1999;1990
2000;1;7/01/2000;1990
2000;2;14/01/2000;1990
2000;3;21/01/2000;1990
2000;4;28/01/2000;1990
2000;5;4/02/2000;1990
2000;6;11/02/2000;1990
2000;7;18/02/2000;1990
2000;8;25/02/2000;1990
2000;9;3/03/2000;1990
2000;10;10/03/2000;1990
2000;11;17/03/2000;1990
2000;12;24/03/2000;1990
2000;13;31/03/2000;1990
2000;14;7/04/2000;1990
2000;15;14/04/2000;1990
2000;16;28/04/2000;1990
2000;17;5/05/2000;1990
2000;18;12/05/2000;1990
2000;19;19/05/2000;1990
2000;20;26/05/2000;1990
2000;21;2/06/2000;1990
2000;22;9/06/2000;1990
2000;23;16/06/2000;1990
2000;24;23/06/2000;1990
2000;25;30/06/2000;1990
2000;26;7/07/2000;1990
2000;27;14/07/2000;1990
2000;28;21/07/2000;1994
2000;29;4/08/2000;1994
2000;30;11/08/2000;1994
2000;31;18/08/2000;1994
2000;32;25/08/2000;1994
2000;33;1/09/2000;1994
2000;34;8/09/2000;1994
2000;35;15/09/2000;1994
2000;36;22/09/2000;1994
2000;37;29/09/2000;1994
2000;38;6/10/2000;1994
2000;39;13/10/2000;1994
2000;40;20/10/2000;1994
2000;41;27/10/2000;1994
2000;42;3/11/2000;1994
2000;43;10/11/2000;1994
2000;44;17/11/2000;1994
2000;45;24/11/2000;1994
2000;46;1/12/2000;1994
2000;47;8/12/2000;1994
2000;48;15/12/2000;1994
2000;49;22/12/2000;1994
2001;1;5/01/2001;1994
2001;2;12/01/2001;1994
2001;3;19/01/2001;1994
2001;4;26/01/2001;1994
2001;5;2/02/2001;1994
2001;6;9/02/2001;1994
2001;7;16/02/2001;1994
2001;8;23/02/2001;1994
2001;9;2/03/2001;1994
2001;10;9/03/2001;1994
2001;11;16/03/2001;1994
2001;12;23/03/2001;1994
2001;13;30/03/2001;1994
2001;14;6/04/2001;1994
2001;15;20/04/2001;1994
2001;16;27/04/2001;1994
2001;17;4/05/2001;1994
2001;18;11/05/2001;1994
2001;19;18/05/2001;1994
2001;20;25/05/2001;1994
2001;21;1/06/2001;1994
2001;22;8/06/2001;1994
2001;23;15/06/2001;1994
2001;24;22/06/2001;1994
2001;25;28/06/2001;1994
2001;26;6/07/2001;1994
2001;27;13/07/2001;1994
2001;28;20/07/2001;1994
2001;29;3/08/2001;1994
2001;30;10/08/2001;1994
2001;31;17/08/2001;1994
2001;32;24/08/2001;1994
2001;33;31/08/2001;1994
2001;34;7/09/2001;1994
2001;35;14/09/2001;1994
2001;36;21/09/2001;1994
2001;37;28/09/2001;1994
2001;38;5/10/2001;1994
2001;39;12/10/2001;1994
2001;40;19/10/2001;1994
2001;41;26/10/2001;1994
2001;42;9/11/2001;1994
2001;43;16/11/2001;1994
2001;44;23/11/2001;1994
2001;45;30/11/2001;1994
2001;46;7/12/2001;1994
2001;47;14/12/2001;1994
2001;48;21/12/2001;1994
2002;1;4/01/2002;1994
2002;2;11/01/2002;1994
2002;3;18/01/2002;1994
2002;4;25/01/2002;1994
2002;5;1/02/2002;1994
2002;6;8/02/2002;1994
2002;7;15/02/2002;1994
2002;8;22/02/2002;1994
2002;9;1/03/2002;1994
2002;10;8/03/2002;1994
2002;11;15/03/2002;1994
2002;12;22/03/2002;1994
2002;13;5/04/2002;1994
2002;14;12/04/2002;1994
2002;15;19/04/2002;1994
2002;16;26/04/2002;1994
2002;17;3/05/2002;1994
2002;18;10/05/2002;1994
2002;19;17/05/2002;1994
2002;20;24/05/2002;1994
2002;21;31/05/2002;1994
2002;22;7/06/2002;1994
2002;23;14/06/2002;1994
2002;24;21/06/2002;1994
2002;25;28/06/2002;1994
2002;26;5/07/2002;1994
2002;27;12/07/2002;1994
2002;28;19/07/2002;1994
2002;29;26/07/2002;1994
2002;30;2/08/2002;1994
2002;31;9/08/2002;1994
2002;32;16/08/2002;1994
2002;33;23/08/2002;1994
2002;34;29/08/2002;1994
2002;35;6/09/2002;1994
2002;36;13/09/2002;1994
2002;37;20/09/2002;1994
2002;38;27/09/2002;1994
2002;39;4/10/2002;1994
2002;40;11/10/2002;1994
2002;41;18/10/2002;1994
2002;42;25/10/2002;1994
2002;43;31/10/2002;1994
2002;44;8/11/2002;1994
2002;45;15/11/2002;1994
2002;46;22/11/2002;1994
2002;47;29/11/2002;1994
2002;48;6/12/2002;1994
2002;49;13/12/2002;1994
2002;50;20/12/2002;1994
2002;51;27/12/2002;1994
2003;1;10/01/2003;1994
2003;2;17/01/2003;1994
2003;3;24/01/2003;1994
2003;4;31/01/2003;1994
2003;5;7/02/2003;1994
2003;6;14/02/2003;1994
2003;7;21/02/2003;1994
2003;8;28/02/2003;1994
2003;9;7/03/2003;1994
2003;10;14/03/2003;1994
2003;11;21/03/2003;1994
2003;12;28/03/2003;1994
2003;13;4/04/2003;1994
2003;14;11/04/2003;1994
2003;15;25/04/2003;1994
2003;16;2/05/2003;1994
2003;17;9/05/2003;1994
2003;18;16/05/2003;1994
2003;19;23/05/2003;1994
2003;20;30/05/2003;1994
2003;21;6/06/2003;1994
2003;22;13/06/2003;1994
2003;23;20/06/2003;1994
2003;24;27/06/2003;1994
2003;25;4/07/2003;1994
2003;26;11/07/2003;1994
2003;27;18/07/2003;1994
2003;28;25/07/2003;1994
2003;29;8/08/2003;1994
2003;30;15/08/2003;1994
2003;31;22/08/2003;1994
2003;32;29/08/2003;1994
2003;33;5/09/2003;1994
2003;34;12/09/2003;1994
2003;35;19/09/2003;1994
2003;36;26/09/2003;1994
2003;37;3/10/2003;1994
2003;38;10/10/2003;1994
2003;39;17/10/2003;1994
2003;40;24/10/2003;1994
2003;41;31/10/2003;1994
2003;42;7/11/2003;1994
2003;43;14/11/2003;1994
2003;44;21/11/2003;1994
2003;45;28/11/2003;1994
2003;46;5/12/2003;1994
2003;47;12/12/2003;1994
2003;48;19/12/2003;1994
2003;49;26/12/2003;1994
2004;1;9/01/2004;1994
2004;2;16/01/2004;1994
2004;3;23/01/2004;1994
2004;4;30/01/2004;1994
2004;5;6/02/2004;1994
2004;6;13/02/2004;1994
2004;7;20/02/2004;1994
2004;8;27/02/2004;1994
2004;9;5/03/2004;1994
2004;10;12/03/2004;1994
2004;11;19/03/2004;1994
2004;12;26/03/2004;1994
2004;13;2/04/2004;1994
2004;14;16/04/2004;1994
2004;15;23/04/2004;1994
2004;16;30/04/2004;1994
2004;17;7/05/2004;1994
2004;18;14/05/2004;1994
2004;19;21/05/2004;1994
2004;20;28/05/2004;1994
2004;21;4/06/2004;1994
2004;22;11/06/2004;1994
2004;23;18/06/2004;1994
2004;24;25/06/2004;1994
2004;25;2/07/2004;1994
2004;26;9/07/2004;1994
2004;27;16/07/2004;1994
2004;28;23/07/2004;1994
2004;29;6/08/2004;1994
2004;30;13/08/2004;1994
2004;31;20/08/2004;1994
2004;32;27/08/2004;1994
2004;33;3/09/2004;1994
2004;34;10/09/2004;1994
2004;35;17/09/2004;1994
2004;36;24/09/2004;1994
2004;37;1/10/2004;1994
2004;38;8/10/2004;1994
2004;39;15/10/2004;1994
2004;40;22/10/2004;1994
2004;41;29/10/2004;1994
2004;42;5/11/2004;1994
2004;43;12/11/2004;1994
2004;44;19/11/2004;1994
2004;45;26/11/2004;1994
2004;46;3/12/2004;1994
2004;47;10/12/2004;1994
2004;48;17/12/2004;1994
2004;49;24/12/2004;1994
2005;1;7/01/2005;1994
2005;2;14/01/2005;1994
2005;3;21/01/2005;1994
2005;4;28/01/2005;1994
2005;5;4/02/2005;1994
2005;6;11/02/2005;1994
2005;7;18/02/2005;1994
2005;8;25/02/2005;1994
2005;9;4/03/2005;1994
2005;10;11/03/2005;1994
2005;11;18/03/2005;1994
2005;12;1/04/2005;1994
2005;13;8/04/2005;1994
2005;14;15/04/2005;1994
2005;15;22/04/2005;1994
2005;16;29/04/2005;1994
2005;17;6/05/2005;1994
2005;18;13/05/2005;1994
2005;19;20/05/2005;1994
2005;20;27/05/2005;1994
2005;21;3/06/2005;1994
2005;22;10/06/2005;1994
2005;23;17/06/2005;1994
2005;24;24/06/2005;1994
2005;25;1/07/2005;1994
2005;26;8/07/2005;1994
2005;27;15/07/2005;1994
2005;28;22/07/2005;1994
2005;29;5/08/2005;1994
2005;30;12/08/2005;1994
2005;31;19/08/2005;1994
2005;32;26/08/2005;1994
2005;33;2/09/2005;1994
2005;34;9/09/2005;1994
2005;35;16/09/2005;1994
2005;36;23/09/2005;1994
2005;37;30/09/2005;1994
2005;38;7/10/2005;1994
2005;39;14/10/2005;1994
2005;40;21/10/2005;1994
2005;41;28/10/2005;1994
2005;42;4/11/2005;1994
2005;43;11/11/2005;1994
2005;44;18/11/2005;1994
2005;45;25/11/2005;1994
2005;46;2/12/2005;1994
2005;47;9/12/2005;1994
2005;48;16/12/2005;1994
2005;49;23/12/2005;1994
2006;1;6/01/2006;1994
2006;2;13/01/2006;1994
2006;3;20/01/2006;1994
2006;4;27/01/2006;1994
2006;5;3/02/2006;1994
2006;6;10/02/2006;1994
2006;7;17/02/2006;1994
2006;8;24/02/2006;1994
2006;9;3/03/2006;1994
2006;10;10/03/2006;1994
2006;11;17/03/2006;1994
2006;12;24/03/2006;1994
2006;13;31/03/2006;1994
2006;14;7/04/2006;1994
2006;15;21/04/2006;1994
2006;16;28/04/2006;1994
2006;17;5/05/2006;1994
2006;18;12/05/2006;1994
2006;19;19/05/2006;1994
2006;20;26/05/2006;1994
2006;21;2/06/2006;1994
2006;22;9/06/2006;1994
2006;23;16/06/2006;1994
2006;24;23/06/2006;1994
2006;25;30/06/2006;1994
2006;26;7/07/2006;1994
2006;27;14/07/2006;1994
2006;28;21/07/2006;1994
2006;29;4/08/2006;1994
2006;30;11/08/2006;1994
2006;31;18/08/2006;1994
2006;32;25/08/2006;1994
2006;33;1/09/2006;1994
2006;34;8/09/2006;1994
2006;35;15/09/2006;1994
2006;36;22/09/2006;1994
2006;37;29/09/2006;1994
2006;38;6/10/2006;1994
2006;39;13/10/2006;1994
2006;40;20/10/2006;1994
2006;41;27/10/2006;1994
2006;42;3/11/2006;1994
2006;43;10/11/2006;1994
2006;44;17/11/2006;1994
2006;45;24/11/2006;1994
2006;46;1/12/2006;1994
2006;47;7/12/2006;1994
2006;48;15/12/2006;1994
2006;49;22/12/2006;1994
2007;1;5/01/2007;1994
2007;2;12/01/2007;1994
2007;3;19/01/2007;1994
2007;4;26/01/2007;1994
2007;5;2/02/2007;1994
2007;6;9/02/2007;1994
2007;7;16/02/2007;1994
2007;8;23/02/2007;1994
2007;9;2/03/2007;1994
2007;10;9/03/2007;1994
2007;11;16/03/2007;1994
2007;12;23/03/2007;1994
2007;13;30/03/2007;1994
2007;14;13/04/2007;1994
2007;15;20/04/2007;1994
2007;16;27/04/2007;1994
2007;17;4/05/2007;1994
2007;18;11/05/2007;1994
2007;19;18/05/2007;1994
2007;20;25/05/2007;1994
2007;21;1/06/2007;1994
2007;22;8/06/2007;1994
2007;23;15/06/2007;1994
2007;24;22/06/2007;1994
2007;25;27/06/2007;1994
2007;26;6/07/2007;1994
2007;27;13/07/2007;1994
2007;28;20/07/2007;1994
2007;29;2/08/2007;1994
2007;30;9/08/2007;1994
2007;31;16/08/2007;1994
2007;32;24/08/2007;1994
2007;33;29/08/2007;1994
2007;34;7/09/2007;1994
2007;35;14/09/2007;1994
2007;36;21/09/2007;1994
2007;37;28/09/2007;1994
2007;38;5/10/2007;1994
2007;39;12/10/2007;1994
2007;40;20/10/2007;1994
2007;41;26/10/2007;1994
2007;42;31/10/2007;1994
2007;43;9/11/2007;1994
2007;44;16/11/2007;1994
2007;45;23/11/2007;1994
2007;46;30/11/2007;1994
2007;47;7/12/2007;1994
2007;48;14/12/2007;1994
2007;49;21/12/2007;1994
2008;1;4/01/2008;1994
2008;2;11/01/2008;1994
2008;3;18/01/2008;1994
2008;4;25/01/2008;1994
2008;5;1/02/2008;1994
2008;6;8/02/2008;1994
2008;7;15/02/2008;1994
2008;8;22/02/2008;1994
2008;9;29/02/2008;1994
2008;10;7/03/2008;1994
2008;11;14/03/2008;1994
2008;12;28/03/2008;1994
2008;13;4/04/2008;1994
2008;14;11/04/2008;1994
2008;15;18/04/2008;1994
2008;16;25/04/2008;1994
2008;17;2/05/2008;1994
2008;18;9/05/2008;1994
2008;19;16/05/2008;1994
2008;20;23/05/2008;1994
2008;21;30/05/2008;1994
2008;22;6/06/2008;1994
2008;23;13/06/2008;1994
2008;24;20/06/2008;1994
2008;25;27/06/2008;1994
2008;26;4/07/2008;1994
2008;27;11/07/2008;1994
2008;28;18/07/2008;1994
2008;29;25/07/2008;1994
2008;30;1/08/2008;1994
2008;31;15/08/2008;1994
2008;32;22/08/2008;1994
2008;33;29/08/2008;1994
2008;34;5/09/2008;1994
2008;35;12/09/2008;1994
2008;36;19/09/2008;1994
2008;37;26/09/2008;1994
2008;38;3/10/2008;1994
2008;39;10/10/2008;1994
2008;40;17/10/2008;1994
2008;41;24/10/2008;1994
2008;42;31/10/2008;1994
2008;43;7/11/2008;1994
2008;44;14/11/2008;1994
2008;45;21/11/2008;1994
2008;46;28/11/2008;1994
2008;47;5/12/2008;1994
2008;48;12/12/2008;1994
2008;49;19/12/2008;1994
2008;50;26/12/2008;1994
2009;1;9/01/2009;1994
2009;2;16/01/2009;1994
2009;3;23/01/2009;1994
2009;4;30/01/2009;1994
2009;5;6/02/2009;1994
2009;6;13/02/2009;1994
2009;7;20/02/2009;1994
2009;8;27/02/2009;1994
2009;9;6/03/2009;1994
2009;10;13/03/2009;1994
2009;11;20/03/2009;1994
2009;12;27/03/2009;1994
2009;13;3/04/2009;1994
2009;14;17/04/2009;1994
2009;15;24/04/2009;1994
2009;16;30/04/2009;1994
2009;17;8/05/2009;1994
2009;18;15/05/2009;1994
2009;19;22/05/2009;1994
2009;20;29/05/2009;1994
2009;21;5/06/2009;1994
2009;22;12/06/2009;1994
2009;23;19/06/2009;1994
2009;24;26/06/2009;1994
2009;25;3/07/2009;1994
2009;26;10/07/2009;1994
2009;27;17/07/2009;1994
2009;28;24/07/2009;1994
2009;29;7/08/2009;1994
2009;30;14/08/2009;1994
2009;31;21/08/2009;1994
2009;32;28/08/2009;1994
2009;33;4/09/2009;1994
2009;34;11/09/2009;1994
2009;35;18/09/2009;1994
2009;36;25/09/2009;1994
2009;37;2/10/2009;1994
2009;38;7/10/2009;1994
2009;39;16/10/2009;1994
2009;40;23/10/2009;1994
2009;41;30/10/2009;1994
2009;42;6/11/2009;1994
2009;43;13/11/2009;1994
2009;44;20/11/2009;1994
2009;45;27/11/2009;1994
2009;46;4/12/2009;1994
2009;47;11/12/2009;1994
2009;48;18/12/2009;1994
2009;49;23/12/2009;1994
2010;1;8/01/2010;1994
2010;2;15/01/2010;1994
2010;3;22/01/2010;1994
2010;4;29/01/2010;1994
2010;5;5/02/2010;1994
2010;6;12/02/2010;1994
2010;7;19/02/2010;1994
2010;8;1/03/2010;1994
2010;9;5/03/2010;1994
2010;10;12/03/2010;1994
2010;11;19/03/2010;1994
2010;12;26/03/2010;1994
2010;13;9/04/2010;1994
2010;14;16/04/2010;1994
2010;15;23/04/2010;1994
2010;16;30/04/2010;1994
2010;17;7/05/2010;1994
2010;18;14/05/2010;1994
2010;19;21/05/2010;1994
2010;20;28/05/2010;1994
2010;21;4/06/2010;1994
2010;22;11/06/2010;1994
2010;23;18/06/2010;1994
2010;24;25/06/2010;1994
2010;25;2/07/2010;1994
2010;26;9/07/2010;1994
2010;27;16/07/2010;1994
2010;28;23/07/2010;1994
2010;29;6/08/2010;1994
2010;30;13/08/2010;1994
2010;31;20/08/2010;1994
2010;32;27/08/2010;1994
2010;33;3/09/2010;1994
2010;34;10/09/2010;1994
2010;35;17/09/2010;1994
2010;36;24/09/2010;1994
2010;37;1/10/2010;1994
2010;38;7/10/2010;1994
2010;39;15/10/2010;1994
2010;40;22/10/2010;1994
2010;41;29/10/2010;1994
2010;42;5/11/2010;1994
2010;43;12/11/2010;1994
2010;44;19/11/2010;1994
2010;45;26/11/2010;1994
2010;46;3/12/2010;1994
2010;47;10/12/2010;1994
2010;48;17/12/2010;1994
2010;49;23/12/2010;1994
2011;1;7/01/2011;1994
2011;2;14/01/2011;1994
2011;3;21/01/2011;1994
2011;4;28/01/2011;1994
2011;5;4/02/2011;1994
2011;6;11/02/2011;1994
2011;7;18/02/2011;1994
2011;8;25/02/2011;1994
2011;9;4/03/2011;1994
2011;10;11/03/2011;1994
2011;11;18/03/2011;1994
2011;12;25/03/2011;1994
2011;13;1/04/2011;1994
2011;14;8/04/2011;1994
2011;15;15/04/2011;1994
2011;16;29/04/2011;1994
2011;17;6/05/2011;1994
2011;18;13/05/2011;1994
2011;19;20/05/2011;1994
2011;20;27/05/2011;1994
2011;21;3/06/2011;1994
2011;22;10/06/2011;1994
2011;23;17/06/2011;1994
2011;24;24/06/2011;1994
2011;25;1/07/2011;1994
2011;26;8/07/2011;1994
2011;27;15/07/2011;1994
2011;28;22/07/2011;1994
2011;29;5/08/2011;1994
2011;30;12/08/2011;1994
2011;31;19/08/2011;1994
2011;32;26/08/2011;1994
2011;33;2/09/2011;1994
2011;34;9/09/2011;1994
2011;35;16/09/2011;1994
2011;36;23/09/2011;1994
2011;37;30/09/2011;1994
2011;38;7/10/2011;1994
2011;39;14/10/2011;1994
2011;40;21/10/2011;1994
2011;41;28/10/2011;1994
2011;42;4/11/2011;1994
2011;43;11/11/2011;1994
2011;44;18/11/2011;1994
2011;45;25/11/2011;1994
2011;46;2/12/2011;1994
2011;47;9/12/2011;1994
2011;48;16/12/2011;1994
2011;49;23/12/2011;1994
2012;1;6/01/2012;1994
2012;2;13/01/2012;1994
2012;3;20/01/2012;1994
2012;4;27/01/2012;1994
2012;5;3/02/2012;1994
2012;6;10/02/2012;1994
2012;7;17/02/2012;1994
2012;8;24/02/2012;1994
2012;9;2/03/2012;1994
2012;10;9/03/2012;1994
2012;11;16/03/2012;1994
2012;12;23/03/2012;1994
2012;13;30/03/2012;1994
2012;14;13/04/2012;1994
2012;15;20/04/2012;1994
2012;16;27/04/2012;1994
2012;17;4/05/2012;1994
2012;18;11/05/2012;1994
2012;19;18/05/2012;1994
2012;20;25/05/2012;1994
2012;21;1/06/2012;1994
2012;22;8/06/2012;1994
2012;23;15/06/2012;1994
2012;24;22/06/2012;1994
2012;25;28/06/2012;1994
2012;26;6/07/2012;1994
2012;27;13/07/2012;1994
2012;28;20/07/2012;1994
2012;29;3/08/2012;1994
2012;30;10/08/2012;1994
2012;31;17/08/2012;1994
2012;32;24/08/2012;1994
2012;33;31/08/2012;1994
2012;34;7/09/2012;1994
2012;35;14/09/2012;1994
2012;36;21/09/2012;1994
2012;37;28/09/2012;1994
2012;38;5/10/2012;1994
2012;39;12/10/2012;1994
2012;40;19/10/2012;1994
2012;41;26/10/2012;1994
2012;42;2/11/2012;1994
2012;43;9/11/2012;1994
2012;44;16/11/2012;1994
2012;45;23/11/2012;1994
2012;46;30/11/2012;1994
2012;47;7/12/2012;1994
2012;48;14/12/2012;1994
2012;49;21/12/2012;1994
2013;1;4/01/2013;1994
2013;2;11/01/2013;1994
2013;3;18/01/2013;1994
2013;4;25/01/2013;1994
2013;5;1/02/2013;1994
2013;6;8/02/2013;1994
2013;7;15/02/2013;1994
2013;8;22/02/2013;1994
2013;9;1/03/2013;1994
2013;10;8/03/2013;1994
2013;11;15/03/2013;1994
2013;12;22/03/2013;1994
2013;13;5/04/2013;1994
2013;14;12/04/2013;1994
2013;15;19/04/2013;1994
2013;16;26/04/2013;1994
2013;17;3/05/2013;1994
2013;18;10/05/2013;1994
2013;19;17/05/2013;1994
2013;20;24/05/2013;1994
2013;21;31/05/2013;1994
2013;22;7/06/2013;1994
2013;23;14/06/2013;1994
2013;24;21/06/2013;1994
2013;25;27/06/2013;1994
2013;26;5/07/2013;1994
2013;27;12/07/2013;1994
2013;28;19/07/2013;1994
2013;29;26/07/2013;1994
2013;30;9/08/2013;1994
2013;31;16/08/2013;1994
2013;32;23/08/2013;1994
2013;33;29/08/2013;1994
2013;34;6/09/2013;1994
2013;35;13/09/2013;1994
2013;36;20/09/2013;1994
2013;37;27/09/2013;1994
2013;38;4/10/2013;1994
2013;39;11/10/2013;1994
2013;40;18/10/2013;1994
2013;41;25/10/2013;1994
2013;42;31/10/2013;1994
2013;43;8/11/2013;1994
2013;44;15/11/2013;1994
2013;45;22/11/2013;1994
2013;46;29/11/2013;1994
2013;47;6/12/2013;1994
2013;48;13/12/2013;1994
2013;49;20/12/2013;1994
2013;50;27/12/2013;1994
2014;1;10/01/2014;1994
2014;2;17/01/2014;1994
2014;3;24/01/2014;1994
2014;4;31/01/2014;1994
2014;5;7/02/2014;1994
2014;6;14/02/2014;1994
2014;7;21/02/2014;1994
2014;8;28/02/2014;1994
2014;9;7/03/2014;1994
2014;10;14/03/2014;1994
2014;11;21/03/2014;2007
2014;12;28/03/2014;2007
2014;13;4/04/2014;2007
2014;14;11/04/2014;2007
2014;15;25/04/2014;2007
2014;16;2/05/2014;2007
2014;17;9/05/2014;2007
2014;18;16/05/2014;2007
2014;19;23/05/2014;2007
2014;20;30/05/2014;2007
2014;21;6/06/2014;2007
2014;22;13/06/2014;2007
2014;23;20/06/2014;2007
2014;24;27/06/2014;2007
2014;25;4/07/2014;2007
2014;26;11/07/2014;2007
2014;27;18/07/2014;2007
2014;28;25/07/2014;2007
2014;29;8/08/2014;2007
2014;30;15/08/2014;2007
2014;31;22/08/2014;2007
2014;32;29/08/2014;2007
2014;33;5/09/2014;2007
2014;34;12/09/2014;2007
2014;35;19/09/2014;2007
2014;36;26/09/2014;2007
2014;37;3/10/2014;2007
2014;38;10/10/2014;2007
2014;39;17/10/2014;2007
2014;40;24/10/2014;2007
2014;41;31/10/2014;2007
2014;42;7/11/2014;2007
2014;43;14/11/2014;2007
2014;44;21/11/2014;2007
2014;45;28/11/2014;2007
2014;46;5/12/2014;2007
2014;47;12/12/2014;2007
2014;48;19/12/2014;2007
2014;49;26/12/2014;2007
2015;1;9/01/2015;2007
2015;2;16/01/2015;2007
2015;3;23/01/2015;2007
2015;4;30/01/2015;2007
2015;5;6/02/2015;2007
2015;6;13/02/2015;2007
2015;7;20/02/2015;2007
2015;8;27/02/2015;2007
2015;9;6/03/2015;2007
2015;10;13/03/2015;2007
2015;11;20/03/2015;2007
2015;12;27/03/2015;2007
2015;13;10/04/2015;2007
2015;14;17/04/2015;2007
2015;15;24/04/2015;2007
2015;16;30/04/2015;2007
2015;17;8/05/2015;2007
2015;18;15/05/2015;2007
2015;19;22/05/2015;2007
2015;20;29/05/2015;2007
2015;21;5/06/2015;2007
2015;22;12/06/2015;2007
2015;23;19/06/2015;2007
2015;24;26/06/2015;2007
2015;25;3/07/2015;2007
2015;26;10/07/2015;2007
2015;27;17/07/2015;2007
2015;28;24/07/2015;2007
2015;29;7/08/2015;2007
2015;30;14/08/2015;2007
2015;31;21/08/2015;2007
2015;32;28/08/2015;2007
2015;33;4/09/2015;2007
2015;34;11/09/2015;2007
2015;35;18/09/2015;2007
2015;36;25/09/2015;2007
2015;37;2/10/2015;2007
2015;38;16/10/2015;2007
2015;39;23/10/2015;2007
2015;40;30/10/2015;2007
2015;41;6/11/2015;2007
2015;42;13/11/2015;2007
2015;43;20/11/2015;2007
2015;44;27/11/2015;2007
2015;45;4/12/2015;2007
2015;46;11/12/2015;2007
2015;47;18/12/2015;2007
2015;48;24/12/2015;2007
2016;1;8/01/2016;2007
2016;2;15/01/2016;2007
2016;3;22/01/2016;2007
2016;4;29/01/2016;2007
2016;5;5/02/2016;2007
2016;6;12/02/2016;2007
2016;7;19/02/2016;2007
2016;8;26/02/2016;2007
2016;9;4/03/2016;2007
2016;10;11/03/2016;2007
2016;11;18/03/2016;2007
2016;12;1/04/2016;2007
2016;13;8/04/2016;2007
2016;14;15/04/2016;2007
2016;15;22/04/2016;2007
2016;16;29/04/2016;2007
2016;17;6/05/2016;2007
2016;18;13/05/2016;2007
2016;19;20/05/2016;2007
2016;20;27/05/2016;2007
2016;21;3/06/2016;2007
2016;22;10/06/2016;2007
2016;23;17/06/2016;2007
2016;24;24/06/2016;2007
2016;25;1/07/2016;2007
2016;26;8/07/2016;2007
2016;27;15/07/2016;2007
2016;28;22/07/2016;2007
2016;29;5/08/2016;2007
2016;30;12/08/2016;2007
2016;31;19/08/2016;2007
2016;32;26/08/2016;2007
2016;33;2/09/2016;2007
2016;34;9/09/2016;2007
2016;35;16/09/2016;2007
2016;36;23/09/2016;2007
2016;37;30/09/2016;2007
2016;38;7/10/2016;2007
2016;39;14/10/2016;2007
2016;40;21/10/2016;2007
2016;41;28/10/2016;2007
2016;42;4/11/2016;2007
2016;43;11/11/2016;2007
2016;44;25/11/2016;2007
2016;45;2/12/2016;2007
2016;46;9/12/2016;2007
2016;47;16/12/2016;2007
2016;48;23/12/2016;2007
2017;1;5/01/2017;2007
2017;2;12/01/2017;2007
2017;3;19/01/2017;2007
2017;4;26/01/2017;2007
2017;5;2/02/2017;2007
2017;6;9/02/2017;2007
2017;7;16/02/2017;2007
2017;8;23/02/2017;2007
2017;9;2/03/2017;2007
2017;10;9/03/2017;2007
2017;11;16/03/2017;2007
2017;12;23/03/2017;2007
2017;13;30/03/2017;2007
2017;14;6/04/2017;2007
2017;15;20/04/2017;2007
2017;16;27/04/2017;2007
2017;17;4/05/2017;2007
2017;18;11/05/2017;2007
2017;19;18/05/2017;2007
2017;20;25/05/2017;2007
2017;21;1/06/2017;2007
2017;22;8/06/2017;2007
2017;23;15/06/2017;2007
2017;24;22/06/2017;2007
2017;25;29/06/2017;2007
2017;26;6/07/2017;2007
2017;27;13/07/2017;2007
2017;28;20/07/2017;2007
2017;29;3/08/2017;2007
2017;30;10/08/2017;2007
2017;31;17/08/2017;2007
2017;32;24/08/2017;2007
2017;33;31/08/2017;2007
2017;34;7/09/2017;2007
2017;35;14/09/2017;2007
2017;36;21/09/2017;2007
2017;37;28/09/2017;2007
2017;38;5/10/2017;2007
2017;39;12/10/2017;2007
2017;40;19/10/2017;2007
2017;41;26/10/2017;2007
2017;42;2/11/2017;2007
2017;43;9/11/2017;2007
2017;44;16/11/2017;2007
2017;45;23/11/2017;2007
2017;46;30/11/2017;2007
2017;47;7/12/2017;2007
2017;48;14/12/2017;2007
2017;49;21/12/2017;2007
2018;1;11/01/2018;2007
2018;2;18/01/2018;2007
2018;3;25/01/2018;2007
2018;4;1/02/2018;2007
2018;5;8/02/2018;2007
2018;6;15/02/2018;2007
2018;7;22/02/2018;2007
2018;8;1/03/2018;2007
2018;9;8/03/2018;2007
2018;10;15/03/2018;2007
2018;11;22/03/2018;2007
2018;12;5/04/2018;2007
2018;13;12/04/2018;2007
2018;14;19/04/2018;2007
2018;15;26/04/2018;2007
2018;16;3/05/2018;2007
2018;17;10/05/2018;2007
2018;18;17/05/2018;2007
2018;19;24/05/2018;2007
2018;20;31/05/2018;2007
2018;21;7/06/2018;2007
2018;22;14/06/2018;2007
2018;23;21/06/2018;2007
2018;24;28/06/2018;2007
2018;25;5/07/2018;2007
2018;26;12/07/2018;2007
2018;27;19/07/2018;2007
2018;28;26/07/2018;2007
2018;29;2/08/2018;2007
2018;30;9/08/2018;2007
2018;31;16/08/2018;2007
2018;32;23/08/2018;2007
2018;33;30/08/2018;2007
2018;34;6/09/2018;2007
2018;35;13/09/2018;2007
2018;36;20/09/2018;2007
2018;37;27/09/2018;2007
2018;38;4/10/2018;2007
2018;39;11/10/2018;2007
2018;40;18/10/2018;2007
2018;41;25/10/2018;2007
2018;42;1/11/2018;2007
2018;43;8/11/2018;2007
2018;44;15/11/2018;2007
2018;45;22/11/2018;2007
2018;46;29/11/2018;2007
2018;47;6/12/2018;2007
2018;48;13/12/2018;2007
2018;49;20/12/2018;2007
2019;1;10/01/2019;2007
2019;2;17/01/2019;2007
2019;3;24/01/2019;2007
2019;4;31/01/2019;2007
2019;5;7/02/2019;2007
2019;6;14/02/2019;2007
2019;7;21/02/2019;2007
2019;8;7/03/2019;2007
2019;9;14/03/2019;2007
2019;10;21/03/2019;2007
2019;11;4/04/2019;2007
2019;12;11/04/2019;2007
2019;13;25/04/2019;2007
2019;14;2/05/2019;2007
2019;15;7/05/2019;2007
2019;16;16/05/2019;2007
2019;17;23/05/2019;2007
2019;18;6/06/2019;2007
2019;19;13/06/2019;2007
2019;20;20/06/2019;2007
2019;21;4/07/2019;2007
2019;22;11/07/2019;2007
2019;23;25/07/2019;2007
2019;24;8/08/2019;2007
2019;25;15/08/2019;2007
2019;26;22/08/2019;2007
2019;27;5/09/2019;2007
2019;28;12/09/2019;2007
2019;29;19/09/2019;2007
2019;30;3/10/2019;2007
2019;31;10/10/2019;2007
2019;32;17/10/2019;2007
2019;33;24/10/2019;2007
2019;34;7/11/2019;2007
2019;35;14/11/2019;2007
2019;36;21/11/2019;2007
2019;37;5/12/2019;2007
2019;38;12/12/2019;2007
2019;39;19/12/2019;2007
2020;1;9/01/2020;2007
2020;2;16/01/2020;2007
2020;3;23/01/2020;2007
2020;4;6/02/2020;2007
2020;5;13/02/2020;2007
2020;6;20/02/2020;2007
2020;7;27/02/2020;2007
2020;8;5/03/2020;2007
2020;9;12/03/2020;2007
2020;10;19/03/2020;2007
2020;11;26/03/2020;2007
2020;12;2/04/2020;2007
2020;13;8/04/2020;2007
2020;14;16/04/2020;2007
2020;15;23/04/2020;2007
2020;16;30/04/2020;2007
2020;17;7/05/2020;2007
2020;18;14/05/2020;2007
2020;19;21/05/2020;2007
2020;20;28/05/2020;2007
2020;21;4/06/2020;2007
2020;22;11/06/2020;2007
2020;23;18/06/2020;2007
2020;24;25/06/2020;2007
2020;25;2/07/2020;2007
2020;26;9/07/2020;2007
2020;27;16/07/2020;2007
2020;28;23/07/2020;2007
2020;29;6/08/2020;2007
2020;30;13/08/2020;2007
2020;31;20/08/2020;2007
2020;32;27/08/2020;2007
2020;33;3/09/2020;2007
2020;34;10/09/2020;2007
2020;35;17/09/2020;2007
2020;36;24/09/2020;2007
2020;37;7/10/2020;2007
2020;38;15/10/2020;2007
2020;39;23/10/2020;2007
2020;40;5/11/2020;2007
2020;41;12/11/2020;2007
2020;42;19/11/2020;2007
2020;43;26/11/2020;2007
2020;44;3/12/2020;2007
2020;45;10/12/2020;2007
2020;46;17/12/2020;2007
2020;47;23/12/2020;2007
2021;1;7/01/2021;2007
2021;2;14/01/2021;2007
2021;3;21/01/2021;2007
2021;4;28/01/2021;2007
2021;5;4/02/2021;2007
2021;6;11/02/2021;2007
2021;7;18/02/2021;2007
2021;8;25/02/2021;2007
2021;9;4/03/2021;2007
2021;10;11/03/2021;2007
2021;11;18/03/2021;2007
2021;12;25/03/2021;2007
2021;13;8/04/2021;2007
2021;14;15/04/2021;2007
2021;15;22/04/2021;2007
2021;16;29/04/2021;2007
2021;17;6/05/2021;2007
2021;18;13/05/2021;2007
2021;19;20/05/2021;2007
2021;20;27/05/2021;2007
2021;21;3/06/2021;2007
2021;22;10/06/2021;2007
2021;23;17/06/2021;2007
2021;24;24/06/2021;2007
2021;25;8/07/2021;2007
2021;26;15/07/2021;2007
2021;27;22/07/2021;2007
2021;28;5/08/2021;2007
2021;29;12/08/2021;2007
2021;30;19/08/2021;2007
2021;31;26/08/2021;2007
2021;32;2/09/2021;2007
2021;33;9/09/2021;2007
2021;34;23/09/2021;2007
2021;35;7/10/2021;2007
2021;36;14/10/2021;2007
2021;37;21/10/2021;2007
2021;38;28/10/2021;2007
2021;39;4/11/2021;2007
2021;40;11/11/2021;2007
2021;41;18/11/2021;2007
2021;42;25/11/2021;2007
2021;43;2/12/2021;2007
2021;44;9/12/2021;2007
2021;45;16/12/2021;2007
2021;46;23/12/2021;2007
2022;1;6/01/2022;2007
2022;2;13/01/2022;2007
2022;3;20/01/2022;2007
2022;4;27/01/2022;2007
2022;5;3/02/2022;2007
2022;6;10/02/2022;2007
2022;7;17/02/2022;2007
2022;8;24/02/2022;2007
2022;9;3/03/2022;2007
2022;10;10/03/2022;2007
2022;11;17/03/2022;2007
2022;12;24/03/2022;2007
2022;13;7/04/2022;2007
2022;14;13/04/2022;2007
2022;15;21/04/2022;2007
2022;16;28/04/2022;2007
2022;17;5/05/2022;2007
2022;18;12/05/2022;2007
2022;19;19/05/2022;2007
2022;20;26/05/2022;2007
2022;21;2/06/2022;2007
2022;22;9/06/2022;2007
2022;23;23/06/2022;2007
2022;24;7/07/2022;2007
2022;25;14/07/2022;2007
2022;26;21/07/2022;2007
2022;27;4/08/2022;2007
2022;28;11/08/2022;2007
2022;29;18/08/2022;2007
2022;30;25/08/2022;2007
2022;31;8/09/2022;2007
2022;32;15/09/2022;2007
2022;33;22/09/2022;2007
2022;34;6/10/2022;2007
2022;35;13/10/2022;2007
2022;36;20/10/2022;2007
2022;37;27/10/2022;2007
2022;38;3/11/2022;2007
2022;39;10/11/2022;2007
2022;40;17/11/2022;2007
2022;41;24/11/2022;2007
2022;42;7/12/2022;2007
2022;43;15/12/2022;2007
2022;44;22/12/2022;2007
2023;1;5/01/2023;2007
2023;2;12/01/2023;2007
2023;3;19/01/2023;2007
2023;4;26/01/2023;2007
2023;5;2/02/2023;2007
2023;6;9/02/2023;2007
2023;7;16/02/2023;2007
2023;8;23/02/2023;2007
2023;9;9/03/2023;2007
2023;10;16/03/2023;2007
2023;11;23/03/2023;2007
2023;12;13/04/2023;2007
2023;13;20/04/2023;2007
2023;14;27/04/2023;2007
2023;15;4/05/2023;2007
2023;16;11/05/2023;2007
2023;17;18/05/2023;2007
2023;18;25/05/2023;2007
2023;19;1/06/2023;2007
2023;20;8/06/2023;2007
2023;21;15/06/2023;2007
2023;22;22/06/2023;2007
2023;23;6/07/2023;2007
2023;24;13/07/2023;2007
2023;25;20/07/2023;2007
2023;26;3/08/2023;2007
2023;27;10/08/2023;2007
2023;28;17/08/2023;2007
2023;29;24/08/2023;2007
2023;30;7/09/2023;2007
2023;31;14/09/2023;2007
2023;32;21/09/2023;2007
2023;33;5/10/2023;2007
2023;34;12/10/2023;2007
2023;35;19/10/2023;2007
2023;36;26/10/2023;2007
2023;37;2/11/2023;2007
2023;38;9/11/2023;2007
2023;39;16/11/2023;2007
2023;40;23/11/2023;2007
2023;41;7/12/2023;2007
2023;42;14/12/2023;2007
2023;43;21/12/2023;2007
2024;1;4/01/2024;2007
2024;2;11/01/2024;2007
2024;3;18/01/2024;2007
2024;4;25/01/2024;2007
2024;5;1/02/2024;2007
2024;6;8/02/2024;2007
2024;7;15/02/2024;2007
2024;8;22/02/2024;2007
2024;9;7/03/2024;2007
2024;10;14/03/2024;2007
2024;11;21/03/2024;2007
2024;12;4/04/2024;2007
2024;13;11/04/2024;2007
2024;14;18/04/2024;2007
2024;15;25/04/2024;2007
2024;16;2/05/2024;2007
2024;17;9/05/2024;2007
2024;18;16/05/2024;2007
2024;19;23/05/2024;2007
2024;20;6/06/2024;2007
2024;21;13/06/2024;2007
2024;22;20/06/2024;2007
2024;23;27/06/2024;2007
